student00,student00
student01,student01
student02,student02
student03,student03
student04,student04
student05,student05
student06,student06
student07,student07
student08,student08
student09,student09
student10,student10
student11,student11
student12,student12
student13,student13
student14,student14
student15,student15
student16,student16
student17,student17
student18,student18
student19,student19
student20,student20
student21,student21
student22,student22
student23,student23
student24,student24
student25,student25
student26,student26
student27,student27
student28,student28
student29,student29
student30,student30
student31,student31
student32,student32
student33,student33
student34,student34
student35,student35
student36,student36
student37,student37
student38,student38
student39,student39
student40,student40
student41,student41
student42,student42
student43,student43
student44,student44
student45,student45
student46,student46
student47,student47
student48,student48
student49,student49
student50,student50
student51,student51
student52,student52
student53,student53
student54,student54
student55,student55
student56,student56
student57,student57
student58,student58
student59,student59
student60,student60
student61,student61
student62,student62
student63,student63
student64,student64
student65,student65
student66,student66
student67,student67
student68,student68
student69,student69
student70,student70
student71,student71
student72,student72
student73,student73
student74,student74
student75,student75
student76,student76
student77,student77
student78,student78
student79,student79
student80,student80
student81,student81
student82,student82
student83,student83
student84,student84
student85,student85
student86,student86
student87,student87
student88,student88
student89,student89
student90,student90
student91,student91
student92,student92
student93,student93
student94,student94
student95,student95
student96,student96
student97,student97
student98,student98